<Name>,Layer1Thick,<porosity1>,<permX1>,<anisotropyRatio1>,Layer2Thick,<porosity2>,<permX2>,<anisotropyRatio2>,<DomainDepth>,<zInBetweenLayers>,<AquiferLen>,<dummyY>,<desiredTimeStep>,dX,<nX>,dZ,<nZ>,DistanceTo Contamination,<setbackDist>,Diameter LeakingPipe,<setbackPlusLeak>,LeakingFlow,<rateLeaking>,<rateExtraction>,<wellZTop>,<wellZBottom>,<wellXY>,wellDiameter,extractionFlux,<observationAtWell>,<obsTimeStep>,Concentration,<initialConcentration>,<katt>,<kdet>,<decayAq>,<decayIm>
Graver_Public,20,0.35,1E-08,1,20,0.3,1E-08,1,40,20,500,1,8000,5.02056478468705,100,0.502056478468705,80,200,450,1,451,1.363,0.004471784776903,2725.5,40,0,250,0.4,0.000627570598086,20,12,1000,1.66053886312701E-21,0,0,0,0
CoarseSand_Public,20,0.35,1E-10,1,20,0.3,1E-10,1,40,20,500,1,8000,5.02056478468705,100,0.502056478468705,80,200,450,1,451,1.363,0.004471784776903,2725.5,40,0,250,0.4,0.000627570598086,20,12,1000,1.66053886312701E-21,0,0,0,0
Low_Public,20,0.35,1E-12,1,20,0.35,1E-12,1,40,20,500,1,8000,5.02056478468705,100,0.502056478468705,80,200,450,1,451,1.363,0.004471784776903,2725.5,40,0,250,0.4,0.000627570598086,20,12,1000,1.66053886312701E-21,0,0,0,0
Gravel_Domestic,10,0.3,1E-08,1,10,0.35,1E-08,1,20,10,200,1,75000,2.0078574996547,100,0.20078574996547,100,40,140,0.5,140.5,0.136,0.000892388451444,21.8,20,0,100,0.15,2.67714333287293E-05,10,12,1000,1.66053886312701E-21,0,0,0,0
CoarseSand_Domestic,10,0.35,1E-10,1,10,0.3,1E-10,1,20,10,200,1,75000,2.0078574996547,100,0.20078574996547,100,40,140,0.5,140.5,0.136,0.000892388451444,21.8,20,0,100,0.15,2.67714333287293E-05,10,12,1000,1.66053886312701E-21,0,0,0,0
Low_Domestic,10,0.35,1E-12,1,10,0.35,1E-12,1,20,10,200,1,75000,2.0078574996547,100,0.20078574996547,100,40,140,0.5,140.5,0.136,0.000892388451444,21.8,20,0,100,0.15,2.67714333287293E-05,10,12,1000,1.66053886312701E-21,0,0,0,0
